{"id":"2667b224-f520-43e5-892c-aaf492c7589b","timestamp":1738235193381,"matcher":{"static":{"/sitemap.xml":{"redirect":"/sitemap_index.xml"}},"wildcard":{},"dynamic":{}},"prerendered":["/","/bn/download","/cs/download","/contact","/download","/ar/download","/privacy","/terms","/de/download","/el/download","/es/download","/fa/download","/imprint","/fil/download","/ta/download","/bn","/te/download","/tr/download","/uk/download","/ug/download","/vi/download","/zh-CN/download","/zh-HK/download","/zh-TW/download","/sv/download","/cs","/ar","/el","/de","/es","/fa","/fil","/fr/download","/he/download","/hi/download","/id/download","/it/download","/ja/download","/ka/download","/ko/download","/km/download","/mal-IN/download","/mr/download","/nl/download","/pl/download","/news","/pt-BR/download","/pt-PT/download","/ru/download","/sr/download","/sr-Cyrl/download","/sk/download","/th/download","/fr","/he","/hi","/id","/it","/ka","/ja","/km","/ko","/mal-IN","/nl","/mr","/pl","/pt-BR","/pt-PT","/ru","/sr","/sr-Cyrl","/sk","/th","/tr","/te","/ta","/ug","/uk","/vi","/zh-CN","/zh-HK","/zh-TW","/sv"]}