{"generatedAt":1738239034339,"generateTime":236,"contents":[{"_path":"/news/releases/r1.16","_dir":"releases","_draft":false,"_partial":false,"_locale":"","title":"Release 1.16","description":"Hello everyone!\nVersion 1.16 is finally here!\nThis release primarily focuses on UX improvements and performance enhancements.\nUnfortunately, we had to drop support for Windows 7 to keep up with the latest Flutter updates.","date":"2024-11-03T00:00:00.000Z","body":{"type":"root","children":[{"type":"element","tag":"p","props":{},"children":[{"type":"text","value":"Hello everyone!\nVersion 1.16 is finally here!\nThis release primarily focuses on UX improvements and performance enhancements.\nUnfortunately, we had to drop support for Windows 7 to keep up with the latest Flutter updates."}]},{"type":"element","tag":"h2","props":{"id":"changes"},"children":[{"type":"text","value":"Changes"}]},{"type":"element","tag":"ul","props":{},"children":[{"type":"element","tag":"li","props":{},"children":[{"type":"text","value":"Only accept file requests from favorites."}]},{"type":"element","tag":"li","props":{},"children":[{"type":"text","value":"Many UX improvements for the macOS Dock and menu bar."}]},{"type":"element","tag":"li","props":{},"children":[{"type":"text","value":"Multithreading"}]},{"type":"element","tag":"li","props":{},"children":[{"type":"text","value":"Added \"Clipboard\" button for Android and iOS."}]}]}],"toc":{"title":"","searchDepth":2,"depth":2,"links":[{"id":"changes","depth":2,"text":"Changes"}]}},"_type":"markdown","_id":"content:news:releases:r1.16.md","_source":"content","_file":"news/releases/r1.16.md","_stem":"news/releases/r1.16","_extension":"md"}],"navigation":[{"title":"News","_path":"/news","children":[{"title":"Releases","_path":"/news/releases","children":[{"title":"Release 1.16","_path":"/news/releases/r1.16"}]}]}]}