{"id":"32f8aefe-02cf-4770-9a35-9baa6c243fd2","timestamp":1738208140856,"matcher":{"static":{"/sitemap.xml":{"redirect":"/sitemap_index.xml"}},"wildcard":{},"dynamic":{}},"prerendered":["/","/ar/download","/bn/download","/contact","/download","/cs/download","/de/download","/privacy","/el/download","/terms","/imprint","/es/download","/fil/download","/fa/download","/nl/download","/mr/download","/pl/download","/ar","/pt-BR/download","/pt-PT/download","/ru/download","/sr/download","/sr-Cyrl/download","/sk/download","/th/download","/ta/download","/bn","/te/download","/tr/download","/uk/download","/ug/download","/vi/download","/zh-CN/download","/zh-HK/download","/zh-TW/download","/sv/download","/fr/download","/he/download","/hi/download","/id/download","/it/download","/ja/download","/ka/download","/km/download","/ko/download","/mal-IN/download","/cs","/de","/news","/el","/es","/fa","/fil","/fr","/he","/hi","/id","/it","/ja","/ka","/km","/ko","/mal-IN","/mr","/nl","/pl","/pt-BR","/pt-PT","/ru","/sr","/sr-Cyrl","/sk","/th","/ta","/te","/tr","/uk","/ug","/vi","/zh-CN","/zh-HK","/zh-TW","/sv"]}