{"id":"85c89465-deed-4e96-8b00-db0d57e668b5","timestamp":1738237460363,"matcher":{"static":{"/sitemap.xml":{"redirect":"/sitemap_index.xml"}},"wildcard":{},"dynamic":{}},"prerendered":["/","/ar/download","/cs/download","/bn/download","/de/download","/el/download","/contact","/download","/es/download","/fa/download","/fil/download","/mr/download","/ar","/nl/download","/pl/download","/pt-PT/download","/pt-BR/download","/ru/download","/sr/download","/sr-Cyrl/download","/sk/download","/th/download","/cs","/de","/el","/es","/bn","/fa","/fil","/te/download","/ta/download","/tr/download","/uk/download","/ug/download","/vi/download","/imprint","/zh-CN/download","/zh-HK/download","/sv/download","/zh-TW/download","/fr","/he","/hi","/it","/id","/ja","/km","/ka","/ko","/mal-IN","/mr","/nl","/pt-BR","/pt-PT","/pl","/ru","/sr","/sr-Cyrl","/sk","/th","/fr/download","/he/download","/hi/download","/id/download","/it/download","/ja/download","/privacy","/terms","/ka/download","/km/download","/news","/ko/download","/mal-IN/download","/ta","/tr","/te","/uk","/ug","/zh-CN","/vi","/zh-TW","/zh-HK","/sv"]}