{"id":"8a3a5e9f-1a4e-4de9-8deb-b67393eac887","timestamp":1738239012624,"matcher":{"static":{"/sitemap.xml":{"redirect":"/sitemap_index.xml"}},"wildcard":{},"dynamic":{}},"prerendered":["/","/el/download","/es/download","/ar/download","/fa/download","/de/download","/bn/download","/download","/cs/download","/fil/download","/fr/download","/el","/pl","/pt-BR","/pt-PT","/ru","/sr","/sr-Cyrl","/sk","/ta","/th","/te","/tr","/es","/ug","/uk","/vi","/zh-CN","/zh-HK","/zh-TW","/sv","/nl/download","/ar","/pl/download","/pt-BR/download","/pt-PT/download","/sr/download","/ru/download","/sr-Cyrl/download","/sk/download","/th/download","/ta/download","/news","/fa","/hi","/de","/id","/it","/ja","/ka","/ko","/mal-IN","/km","/mr","/nl","/te/download","/tr/download","/bn","/ug/download","/uk/download","/vi/download","/zh-CN/download","/zh-TW/download","/zh-HK/download","/sv/download","/he/download","/id/download","/hi/download","/it/download","/ja/download","/ka/download","/km/download","/ko/download","/mal-IN/download","/mr/download","/cs","/fil","/fr","/he"]}