{"id":"d44da496-ea5f-48fa-b02c-17630376d96a","timestamp":1738236386170,"matcher":{"static":{"/sitemap.xml":{"redirect":"/sitemap_index.xml"}},"wildcard":{},"dynamic":{}},"prerendered":["/","/ar/download","/bn/download","/cs/download","/contact","/download","/de/download","/el/download","/es/download","/terms","/imprint","/privacy","/fa/download","/mr/download","/fil/download","/nl/download","/pl/download","/ar","/pt-BR/download","/pt-PT/download","/ru/download","/sr/download","/sk/download","/sr-Cyrl/download","/th/download","/ta/download","/te/download","/bn","/uk/download","/tr/download","/ug/download","/vi/download","/zh-CN/download","/zh-HK/download","/zh-TW/download","/sv/download","/cs","/de","/el","/fa","/es","/fil","/fr/download","/he/download","/hi/download","/id/download","/it/download","/ja/download","/ka/download","/km/download","/mal-IN/download","/ko/download","/news","/nl","/mr","/pl","/pt-BR","/pt-PT","/ru","/sr","/sr-Cyrl","/sk","/th","/ta","/te","/tr","/uk","/ug","/vi","/zh-CN","/zh-HK","/zh-TW","/sv","/he","/fr","/hi","/id","/it","/ja","/ka","/km","/ko","/mal-IN"]}