{"id":"eca803ff-11fc-4272-a596-fd251a0c9269","timestamp":1738237812752,"matcher":{"static":{"/sitemap.xml":{"redirect":"/sitemap_index.xml"}},"wildcard":{},"dynamic":{}},"prerendered":["/","/cs/download","/de/download","/bn/download","/ar/download","/download","/contact","/el/download","/es/download","/fa/download","/fil/download","/cs","/ar","/de","/bn","/el","/es","/fa","/fil","/fr","/imprint","/he","/id","/hi","/it","/ja","/ka","/km","/ko","/mal-IN","/ta/download","/te/download","/tr/download","/uk/download","/ug/download","/vi/download","/zh-CN/download","/zh-HK/download","/zh-TW/download","/sv/download","/nl/download","/mr/download","/pl/download","/pt-BR/download","/pt-PT/download","/ru/download","/sr/download","/sr-Cyrl/download","/sk/download","/th/download","/fr/download","/he/download","/hi/download","/id/download","/it/download","/ja/download","/ka/download","/km/download","/ko/download","/mal-IN/download","/mr","/nl","/pl","/pt-BR","/pt-PT","/privacy","/terms","/ru","/sr","/sr-Cyrl","/news","/sk","/th","/te","/ta","/tr","/uk","/ug","/vi","/zh-CN","/zh-HK","/zh-TW","/sv"]}