{"id":"042bb3aa-496c-41b2-9c13-b2f53e835c08","timestamp":1738234071249,"matcher":{"static":{"/sitemap.xml":{"redirect":"/sitemap_index.xml"}},"wildcard":{},"dynamic":{}},"prerendered":["/","/ar/download","/bn/download","/cs/download","/contact","/download","/el/download","/de/download","/imprint","/es/download","/privacy","/terms","/fil/download","/fa/download","/ar","/mr/download","/nl/download","/pl/download","/pt-BR/download","/pt-PT/download","/ru/download","/sr/download","/sk/download","/sr-Cyrl/download","/th/download","/bn","/te/download","/ta/download","/tr/download","/uk/download","/ug/download","/vi/download","/zh-HK/download","/zh-CN/download","/zh-TW/download","/sv/download","/cs","/de","/el","/es","/fa","/fil","/fr/download","/he/download","/id/download","/hi/download","/ja/download","/it/download","/ka/download","/km/download","/ko/download","/mal-IN/download","/news","/ta","/te","/tr","/uk","/ug","/vi","/zh-HK","/zh-CN","/zh-TW","/fr","/sv","/hi","/he","/id","/it","/ja","/ka","/km","/ko","/mal-IN","/mr","/pl","/nl","/pt-BR","/pt-PT","/ru","/sr","/sr-Cyrl","/sk","/th"]}